{"cameraMode":{"drawMode":0,"name":"Shaded","section":"Shading Mode"},"sceneLighting":false,"audioPlay":false,"sceneViewState":{"showFog":true,"showMaterialUpdate":false,"showSkybox":true,"showFlares":true,"showImageEffects":true,"showParticleSystems":true},"in2DMode":false,"pivot":{"x":-196.15805053710938,"y":-95.013427734375,"z":-109.00208282470703},"rotation":{"x":-0.11871972680091858,"y":0.7726762294769287,"z":-0.1516585499048233,"w":-0.6048976182937622},"size":183.33160400390626,"orthographic":false}